# 工作问题积累：

步骤：

问题标题：

> 1、问题场景

> 2、解决问题

> 3、拓展知识

## 1、Union和Union All的区别

> 1、问题场景 

项目中有两张表（案例表），一个是后台使用的（字段较多），一个是app使用的（字段较少），但是后台和app的字段有一些一致。此时后台需要列表展示后台和app两张表的数据，且在同一列中。此时可以使用Union 进行联合查询。后台案例表展示的字段多于app 案例字段？

> 2、解决问题

使用union联合查询进行解决：

- 注意：当app没有的字段，但是要在保证列表展示一致。使用 `null as 别名 `  来代替

```sql
SELECT
	oss.id as caseId,
	oss.title as name,
	oss.original_structure as image,
	oss.review_status as status,
	oss.decoration_style as style,
	oss.decoration_method as method,
	oss.renovation_costs as costs,
	oss.to_home_page as toPage,
	oss.create_time as createTime
from	
	dftc_oss_provider_case oss
WHERE	
	oss.shop_id = 1118082606248771586
	UNION ALL
SELECT 
	app.id as caseId,
	app.resource_name as name,
	app.image as image,
	app.review_status as status,
	null as style,
	null as method,
	null as costs,
	null as toPage,
	app.create_time as createTime
from 
	dftc_app_provider_case as  app
WHERE
	app.shop_id = 1118082606248771586	
	order by createTime desc
```

在Java中写的动态sql 语句展示：

```sql
"<script>"
            + "SELECT "
            + " oss.id as caseId,"
            + "oss.title as name,"
            + "oss.shop_id as shopId,"
            //装修图片
            + "oss.original_structure as zImage,"
            //广告，宣传
            + "oss.display_results as gImage,"
            + "oss.review_status as status,"
            + "oss.decoration_style as style,"
            + "oss.decoration_method as method,"
            + "oss.renovation_costs as costs,"
            + "oss.to_home_page as toHomePage, "
            + "oss.service_type as serviceType, "
            + "oss.resource_type as resourceType, "
            + "oss.create_time as createTime "
            + "from "
            + "dftc_oss_provider_case as oss "
            + "<where>"
            + "<if test='pc !=null '>"
            + "<if test=' pc.shopId !=null  '>AND oss.shop_id = #{pc.shopId}</if> "
            + "<if test=' pc.resourceType !=null  '>AND oss.resource_type = #{pc.resourceType}</if> "
            + "<if test=' pc.title !=null and pc.title != \"\"  '>AND oss.title like '%${pc.title}%' </if> "
            + "<if test=' pc.reviewStatus !=null '>AND oss.review_status = #{pc.reviewStatus} </if> "
            + "<if test=' pc.toHomePage !=null '>AND oss.to_home_page = #{pc.toHomePage} </if> "
            + "<if test=' pc.decorationStyle !=null '>AND oss.decoration_style = #{pc.decorationStyle} </if> "
            + "<if test=' pc.decorationMethod !=null '>AND oss.decoration_method = #{pc.decorationMethod} </if> "
            + "<if test=' pc.serviceType !=null '>AND oss.service_type = #{pc.serviceType} </if> "
            + "</if>"
            + "</where>"
            + "UNION ALL "
            + "SELECT "
            + " app.id as caseId,"
            + " app.resource_name as name,"
            + " app.shop_id as shopId,"
            + " app.image as zImage,"
            + " null as gImage,"
            + " app.review_status as status,"
            + " null as style,"
            + " null as method,"
            + " null as costs,"
            + " app.to_home_page as toHomePage,"
            + " null as serviceType,"
            + " app.resource_type as resourceType,"
            + " app.create_time as createTime "
            + " from "
            + " dftc_app_provider_case as  app "
            + "<where>"
            + "<if test='pc !=null '>"
            + "<if test=' pc.shopId !=null  '>AND app.shop_id = #{pc.shopId}</if> "
            + "<if test=' pc.resourceType !=null  '>AND app.resource_type = #{pc.resourceType}</if> "
            + "<if test=' pc.title !=null and pc.title != \"\"  '>AND app.resource_name like '%${pc.title}%'  </if> "
            + "<if test=' pc.reviewStatus !=null '>AND app.review_status = #{pc.reviewStatus} </if> "
            + "<if test=' pc.toHomePage !=null '>AND app.to_home_page = #{pc.toHomePage} </if> "
            + "<if test=' pc.decorationStyle !=null '>AND null = #{pc.decorationStyle} </if> "
            + "<if test=' pc.decorationMethod !=null '>AND null= #{pc.decorationMethod} </if> "
            + "<if test=' pc.serviceType !=null '>AND null = #{pc.serviceType} </if> "
            + "</if>"
            + "</where>"
            + " order by createTime desc"
            + "</script> "
```



> 3、拓展知识

参考地址:https://www.cnblogs.com/a8457013/p/8296865.html

UNION 操作符用于合并两个或多个 SELECT 语句的结果集。

语法：

```sql
SQL UNION 语法
SELECT column_name(s) FROM table1
UNION
SELECT column_name(s) FROM table2;
```



- 请注意，UNION 内部的每个 SELECT 语句==必须拥有相同数量的列==。列也==必须拥有相似的数据类型==。同时，每个 SELECT 语句中的列的顺序必须相同。
- union和union all 区别: UNION 不能用于列出两个表中所有的country。如果一些网站和APP来自同一个国家，每个国家只会列出一次。UNION 只会选取不同的值。请使用 UNION ALL 来选取重复的值！


## 2、MySQL json类型查询

> 1、问题场景

在项目中有一张活动表，活动表中有region字段，而region可以存储多个城市，此时用到mysql json类型存储，

列入：

```mysql
[{"cityId": 150300, "provinceId": 150000}, {"cityId": 120000, "provinceId": 120000}, {"cityId": 350400, "provinceId": 350000}]
```

此时需要对json数组中的城市和省进行，查询操作

> 2、解决问题

使用json中的函数进行解决：

JSON_EXTRACT（‘jsonval’,'path'） 取出json中对应的值

JSON_CONTAINS（‘jsonval’,'match','path'）判断jsonval中是否包含对应的值，有返回1，无返回 0

例题：进行城市匹配

①先取出城市在一个数组中

```mysql
SELECT JSON_EXTRACT('[{"cityId": 150300, "provinceId": 150000}, {"cityId": 120000, "provinceId": 120000}, {"cityId": 350400, "provinceId": 350000}]', '$[*].cityId' )
```

结果：

```mysql
+--------------------------+
| city                     |
+--------------------------+
| [150300, 120000, 350400] |
+--------------------------+
```

②对数组中的值进行包含查询

写法一：  `[120000,150300]`    匹配     `[150300, 120000, 350400]`

```mysql
SELECT JSON_CONTAINS((SELECT JSON_EXTRACT('[{"cityId": 150300, "provinceId": 150000}, {"cityId": 120000, "provinceId": 120000}, {"cityId": 350400, "provinceId": 350000}]','$[*].cityId' ) AS city), '[120000,150300]', '$' ) as ok;
```



写法二：`150300`   匹配  `150300, 120000, 350400`

```shell
SELECT JSON_CONTAINS( ( SELECT JSON_EXTRACT( '[{"cityId": 150300, "provinceId": 150000}, {"cityId": 120000, "provinceId": 120000}, {"cityId": 350400, "provinceId": 350000}]', '$[*].cityId' ) AS city ), '150300', '$' ) as ok;
```

结果：

```shell
+----+
| ok |
+----+
|  1 |
+----+
```

实际应用场景：

```mysql
SELECT
	orders.id AS orderId,
	orders.order_number,
	activity.NAME,
	activity.activity_type,
	activity.region,
	activity.activity_status,
	rule.promotion_method,
	rule.people_num,
	orders.state,
	orders.create_time
FROM
	dftc_order_assemble_order AS orders
	JOIN dftc_oss_assemble_activity AS activity ON activity.id = orders.activity_id
	JOIN dftc_oss_assemble_rule AS rule ON rule.id = orders.rule_id 
WHERE 
	 JSON_CONTAINS(JSON_EXTRACT(activity.region , '$[*].provinceId'), '150000','$')
# 这里的where等价于 
WHERE 
	 JSON_CONTAINS(JSON_EXTRACT(activity.region , '$[*].provinceId'), '150000','$')	= 1 
```



> 3、拓展知识

mysql json类型运用

## 3、Mysql 5.7 group by 

> 1、问题场景

项目中有3张表，进行连表查询，

```mysql
SELECT
		orders.id AS orderId,
		activity.NAME,
		activity.start_time,
		activity.end_time,
		activity.review_status AS activityReviewStatus,
		orders.assemble_number,
		orders.user_id
FROM
		 dftc_order_assemble_order AS orders
JOIN dftc_oss_assemble_activity AS activity ON activity.id = orders.activity_id
JOIN dftc_oss_assemble_rule AS rule ON rule.id = orders.rule_id 
```

结果：

```shell
+-------------+-----------------+---------------------+---------------------+----------------------+-----------------+---------------------+
| orderId     | NAME            | start_time          | end_time            | activityReviewStatus | assemble_number | user_id             |
+-------------+-----------------+---------------------+---------------------+----------------------+-----------------+---------------------+
|        5555 | 拼1团活动12名称 | 2017-06-08 10:41:06 | 2019-04-29 16:23:20 |                    2 | 10230           | 1111562389238587393 |
|        9999 | 拼1团活动2名称  | 2017-06-08 10:41:06 | 2019-04-30 10:41:06 |                    2 | 10230           | 1111562389238587393 |
|       99999 | 唯我独尊        | 2017-06-08 10:41:06 | 2019-04-29 17:45:16 |                    2 | 102301          | 1111562389238587393 |
| 25544848478 | 唯我独尊        | 2017-06-08 10:41:06 | 2019-04-29 17:45:16 |                    2 | 102301          | 1111562389238587393 |
+-------------+-----------------+---------------------+---------------------+----------------------+-----------------+---------------------+
```

结果表中assemble_number相同的，作为为一条数据进行展示。

期望的结果为：

```shell
+-----------------+-------+
| assemble_number | id    |
+-----------------+-------+
| 10230           |  5555 |
| 102301          | 99999 |
+-----------------+-------+
```

此时想到用group  by 来解决。

```mysql
SELECT
	 assemble_number
from 
	dftc_order_assemble_order as orders
GROUP BY 
	orders.assemble_number
```

结果：只能展示一个字段,且多加group by 后的分组条件会出错。

```shell
+-----------------+
| assemble_number |
+-----------------+
| 10230           |
| 102301          |
+-----------------+
```

原因：

`SELECT *, count(id) as count FROM `news` GROUP BY `group_id` ORDER BY inputtime` 

报错

`SELECT list is not in GROUP BY clause and contains nonaggregated column ‘news.id' which is no`



> 2、解决问题

```properties
1.set@@sql_mode='STRICT_TRANS_TABLES,NO_ZERO_IN_DATE,NO_ZERO_DATE,ERROR_FOR_DIVISION_BY_ZERO,NO_AUTO_CREATE_USER,NO_ENGINE_SUBSTITUTION';

去掉ONLY_FULL_GROUP_BY即可正常执行sql.

2. 不去ONLY_FULL_GROUP_BY, 时 select字段必须都在group by分组条件内（含有函数的字段除外）。（如果遇到order by也出现这个问题，同理，order by字段也都要在group by内）。

3.利用ANY_VALUE()这个函数　https://dev.mysql.com/doc/refman/5.7/en/miscellaneous-functions.html#function_any-value

This function is useful for GROUP BY queries when the ONLY_FULL_GROUP_BY SQL mode is enabled, for cases when MySQL rejects a query that you know is valid for reasons that MySQL cannot determine. The function return value and type are the same as the return value and type of its argument, but the function result is not checked for the ONLY_FULL_GROUP_BY SQL mode.
```

使用第３种方法。

```mysql
SELECT
	 assemble_number,ANY_VALUE(id) as id
from 
	dftc_order_assemble_order as orders
GROUP BY 
	orders.assemble_number
```

> 3、拓展知识

```properties
原因是mysql 5.7 模式中。默认启用了ONLY_FULL_GROUP_BY。

ONLY_FULL_GROUP_BY是MySQL提供的一个sql_mode，通过这个sql_mode来提供SQL语句GROUP BY合法性的检查。

参考地址：http://dev.mysql.com/doc/refman/5.7/en/sql-mode.html#sqlmode_only_full_group_by

this is incompatible with sql_mode=only_full_group_by这句话提示了这违背了mysql的规则，only fully group by，也就是说在执行的时候先分组，根据查询的字段（select的字段）在分组的内容中取出，所以查询的字段全部都应该在group by分组条件内；一种情况例外，查询字段中如果含有聚合函数的字段不用包含在group by中，就像我上面的count（id）。
后来发现Order by排序条件的字段也必须要在group by内，排序的字段也是从分组的字段中取出。 不明白的可以去看一下。
```

## 4、mysql   CONCAT

> 1、问题场景

项目中有模糊查询字段，用到的sql语句为

```mysql
like  '%md%'
```

在mybatis中写sql语句时不能用${},不能防止sql注入，要用#{}占位符。

而使用#{}，经常会出错。



> 2、解决问题

使用mysql 拼接字符串函数：CONCAT

实际使用：

mybatis使用provider代理sql

```java
sql.WHERE("tel like CONCAT(CONCAT('%',#{rVo.tel},'%'))");
```

mybatis写标签

```java
   <select id="searchStudents" resultType="com.example.entity.StudentEntity"
        parameterType="com.example.entity.StudentEntity">
        SELECT * FROM test_student
        <where>
            <if test="age != null and age != '' and compare != null and compare != ''">
                age
                ${compare}
                #{age}
            </if>
            <if test="name != null and name != ''">
                AND name LIKE CONCAT(CONCAT('%',#{name},'%'))
            </if>
            <if test="address != null and address != ''">
                AND address LIKE CONCAT(CONCAT('%',#{address},'%'))
            </if>
        </where>
        ORDER BY id
    </select>
```

> 3、拓展知识

使用函数CONCAT_WS（）。使用语法为：CONCAT_WS(separator,str1,str2,…)
CONCAT_WS() 代表 CONCAT With Separator ，是CONCAT()的特殊形式。第一个参数是其它参数的分隔符。分隔符的位置放在要连接的两个字符串之间。分隔符可以是一个字符串，也可以是其它参数。如果分隔符为 NULL，则结果为 NULL。函数会忽略任何分隔符参数后的 NULL 值。但是CONCAT_WS()不会忽略任何空字符串。 (然而会忽略所有的 NULL）。

```mysql
如SELECT CONCAT_WS('_',id,name) AS con_ws FROM info LIMIT 1;返回结果为
+----------+
| con_ws   |
+----------+
| 1_BioCyc |
+----------+
```

## 5、请求头问题：

> 1、问题场景

项目中需要下载execel模板（导出功能），返回response中有文件下载的功能，即body中为文件流，使用了回话技术（JWT）。加上网关后无法下载。

> 2、解决问题

通过使用fiddler截包，header应该有content-disposition这个参数，然后包含文件名filename，能够把下载的流文件直接命名使用

**说明： Access-Control-Expose-Headers** 

该字段可选。CORS请求时，`XMLHttpRequest`对象的`getResponseHeader()`方法只能拿到6个基本字段：`Cache-Control`、`Content-Language`、`Content-Type`、`Expires`、`Last-Modified`、`Pragma`。如果想拿到其他字段，就必须在`Access-Control-Expose-Headers`里面指定。上面的例子指定，`getResponseHeader('FooBar')`可以返回`FooBar`字段的值。

看完之后，大概了解到content-disposition是额外的header  需要加到Access-Control-Expose-Headers中浏览器才会主动解析（或许我认为的还有偏差）

==execel读写工具用的是hutool工具（方便实用）==

实际代码：

```java
  /**
     * 价格execl导出
     *
     * @param response
     * @throws Exception
     */
    @PostMapping("/execelModel")
    public void getExecelModel(HttpServletResponse response) throws Exception {
        //模板数据走数据库
        List<CertificateExecelModelDO> modelDOS = certificateExecelModelDAO.selectList(null);
        if (modelDOS == null && modelDOS.size() != 4) {
            log.error("【价格导出】 数据库模板异常");
            throw new ApiException(ServiceCodeEnum.SERVER_INTERNAL_ERROR);
        }
        List<List<String>> rows = new ArrayList<>();
        modelDOS.stream().forEach(e -> {
            List<String> row = CollUtil.newArrayList(e.getCityName(), e.getLicenseOneCost(), e.getLicenseTowCost(), e.getLicenseThreeCost());
            rows.add(row);
        });
          response.setHeader("Access-Control-Expose-Headers", "Content-Disposition");
        //response为HttpServletResponse对象
        response.setContentType("application/vnd.ms-excel;charset=utf-8");
        //test.xls是弹出下载对话框的文件名，不能为中文，中文请自行编码
        response.setHeader("Content-Disposition", "attachment;filename=BZ" + DateUtil.getYmdHms() + ".xls");
        //获取输出流对象
        ServletOutputStream out = response.getOutputStream();

        //通过工具类创建writer
        ExcelWriter writer = ExcelUtil.getWriter();
        //一次性写出内容，强制输出标题
        writer.write(rows, true);
        writer.merge(1, 1, 1, 3, "新办", true);
        writer.setRowHeight(1, 34);
        writer.setRowHeight(2, 56);
        writer.setRowHeight(3, 25);
        writer.setColumnWidth(0, 15);
        writer.setColumnWidth(-1, 25);
        //刷新到输入流中
        writer.flush(out,true);
        //关闭writer，释放内存
        writer.close();
        IoUtil.close(out);
    }
```

> 3、拓展知识

6、mysql  group_concat()函数

> 1、问题场景

完整的语法如下：

```properties
group_concat([DISTINCT] 要连接的字段 [Order BY ASC/DESC 排序字段] [Separator '分隔符'])
```

实例讲解

```shell
select * from aa;  

+------+------+
| id| name |
+------+------+
|1 | 10|
|1 | 20|
|1 | 20|
|2 | 20|
|3 | 200 |
|3 | 500 |
+------+------+
```

情况一：以id分组，把name字段的值打印在一行，逗号分隔(默认)

```shell
select id,group_concat(name) from aa group by id;  

+------+--------------------+
| id| group_concat(name) |
+------+--------------------+
|1 | 10,20,20|
|2 | 20 |
|3 | 200,500|
+------+--------------------+
3 rows in set (0.00 sec)
```

情况二：以id分组，把name字段的值打印在一行，分号分隔

```shell
select id,group_concat(name separator ';') from aa group by id;  

+------+----------------------------------+
| id| group_concat(name separator ';') |
+------+----------------------------------+
|1 | 10;20;20 |
|2 | 20|
|3 | 200;500 |
+------+----------------------------------+
3 rows in set (0.00 sec)
```

情况三：以id分组，把去冗余的name字段的值打印在一行，逗号分隔

```shell
select id,group_concat(distinct name) from aa group by id;  

+------+-----------------------------+
| id| group_concat(distinct name) |
+------+-----------------------------+
|1 | 10,20|
|2 | 20 |
|3 | 200,500 |
+------+-----------------------------+
3 rows in set (0.00 sec)
```

情况四：以id分组，把name字段的值打印在一行，逗号分隔，以name排倒序

```shell
select id,group_concat(name order by name desc) from aa group by id;  

+------+---------------------------------------+
| id| group_concat(name order by name desc) |
+------+---------------------------------------+
|1 | 20,20,10 |
|2 | 20|
|3 | 500,200|
+------+---------------------------------------+
3 rows in set (0.00 sec)
```



> 2、解决问题

> 3、拓展知识